Parameter,Value,Error
A,1362922846244.5864,6577455235.850568
x0,574.1691326675889,0.017318564934975217
gamma,7.486846393806489,0.03640172528235725
offset,690295779.3090816,253692520.93584263
fwhm (Hz),1015.2163710001598,9.872147896575287
